{"last_download_success": 1589464009.1037405, "last_download_failure": 1589585965.838558}